<?xml version="1.0" encoding="UTF-8" ?>
<!DOCTYPE log4j:configuration SYSTEM "log4j.dtd">
	<!--
		Note that this file is refreshed by the server every 60seconds, as
		specified in web.xml
	-->
<log4j:configuration xmlns:log4j="http://jakarta.apache.org/log4j/">
	<appender name="ROLL" class="org.apache.log4j.DailyRollingFileAppender">
		<!-- The active file to log to -->
		<param name="file" value="${catalina.home}/logs/submission.log" />
		<param name="append" value="true" />
		<param name="encoding" value="UTF-8" />
		<layout class="org.apache.log4j.PatternLayout">
			<param name="ConversionPattern" value="%5p %d{ISO8601} [%t][%x] %c - %m%n" />
		</layout>
	</appender>
	<!-- Loggers to filter out various class paths -->
	<logger name="javax" additivity="false">
		<level value="ERROR" />
		<appender-ref ref="ROLL" />
	</logger>
	<logger name="org.codehaus" additivity="false">
		<level value="ERROR" />
		<appender-ref ref="ROLL" />
	</logger>
	<logger name="org.springframework" additivity="false">
		<level value="ERROR" />
		<appender-ref ref="ROLL" />
	</logger>
	<logger name="org.springframework.security" additivity="false">
		<level value="ERROR" />
		<appender-ref ref="ROLL" />
	</logger>
	<logger name="org.apache.wicket" additivity="false">
		<level value="ERROR" />
		<appender-ref ref="ROLL" />
	</logger>	
	<logger name="org.apache" additivity="false">
		<level value="ERROR" />
		<appender-ref ref="ROLL" />
	</logger>

	<logger name="de.tib" additivity="false">
		<level value="INFO" />
		<appender-ref ref="ROLL" />
	</logger>
	<logger name="com.sun" additivity="false">
		<level value="ERROR" />
		<appender-ref ref="ROLL" />
	</logger>
	<logger name="com.oracle" additivity="false">
		<level value="ERROR" />
		<appender-ref ref="ROLL" />
	</logger>
	<logger name="net.sf" additivity="false">
		<level value="ERROR" />
		<appender-ref ref="ROLL" />
	</logger>
	<logger name="oracle" additivity="false">
		<level value="ERROR" />
		<appender-ref ref="ROLL" />
	</logger>	
	<root>
		<priority value="DEBUG" />
		<appender-ref ref="ROLL" />
	</root>
</log4j:configuration>