<configuration scan="30" debug="true">
	<property resource="config.properties" />
	<contextName>${deployment.system}</contextName>
<!-- 	<appender name="EMAIL" class="ch.qos.logback.classic.net.SMTPAppender"> -->
<!-- 		<smtpHost>${mail.host}</smtpHost> -->
<!-- 		<to>${logging.email.to}</to> -->
<!-- 		<from>${logging.email.from}</from> -->
<!-- 		<subject>${logging.email.subject}</subject> -->
<!-- 		<layout class="ch.qos.logback.classic.html.HTMLLayout"> -->
<!-- 			<pattern>%date%level%thread%X{req.remoteHost}%X{req.requestURL}%logger%msg</pattern> -->
<!-- 		</layout>		 -->
<!-- 	</appender> -->
<!-- 	<appender name="STDOUT" class="ch.qos.logback.core.ConsoleAppender"> -->
<!--         <encoder> -->
<!--             <charset>UTF-8</charset> -->
<!--             <Pattern>%d %-4relative [%thread] %-5level %logger{35} - %msg%n</Pattern> -->
<!--         </encoder> -->
<!--     </appender>  -->
<!--     <appender name="FILE" class="ch.qos.logback.core.rolling.RollingFileAppender"> -->
<!--         <file>${catalina.home}/logs/submission-app.log</file> -->
<!--         <rollingPolicy class="ch.qos.logback.core.rolling.TimeBasedRollingPolicy"> -->
<!--             <fileNamePattern>${catalina.home}/logs/submission-app-%d{yyyy-MM-dd}.%i.txt</fileNamePattern>  -->
<!--             <timeBasedFileNamingAndTriggeringPolicy class="ch.qos.logback.core.rolling.SizeAndTimeBasedFNATP"> -->
<!--                 <maxFileSize>10MB</maxFileSize> -->
<!--             </timeBasedFileNamingAndTriggeringPolicy> -->
<!--             keep 30 days' worth of history -->
<!--             <maxHistory>30</maxHistory> -->
<!--         </rollingPolicy>  -->
<!--         <encoder> -->
<!--             <charset>UTF-8</charset> -->
<!--             <pattern>[%contextName] - %d{dd.MM.yyyy HH:mm:ss.SSS} - [%level] - %thread - %class{36}.%M-line:%L - %msg%n</pattern> -->
<!--         </encoder> -->
<!--     </appender>  -->
<!-- 	<logger name="de.tib.hannover.lza" level="INFO" aditivity="false"> -->
<!-- 		<appender-ref ref="FILE" /> -->
<!-- 		<appender-ref ref="EMAIL" /> -->
<!-- 	</logger> -->
<!-- 	<logger name="java" level="ERROR" aditivity="false"> -->
<!-- 		<appender-ref ref="FILE" /> -->
<!-- 		<appender-ref ref="EMAIL" /> -->
<!-- 	</logger> -->
<!-- 	<logger name="net" level="ERROR" aditivity="false"> -->
<!-- 		<appender-ref ref="FILE" /> -->
<!-- 		<appender-ref ref="EMAIL" /> -->
<!-- 	</logger> -->
<!-- 	<logger name="com" level="ERROR" aditivity="false"> -->
<!-- 		<appender-ref ref="FILE" /> -->
<!-- 		<appender-ref ref="EMAIL" /> -->
<!-- 	</logger> -->
<!-- 	<logger name="ch" level="ERROR" aditivity="false"> -->
<!-- 		<appender-ref ref="FILE" /> -->
<!-- 		<appender-ref ref="EMAIL" /> -->
<!-- 	</logger> -->
<!-- 	<logger name="org" level="ERROR" aditivity="false"> -->
<!-- 		<appender-ref ref="FILE" /> -->
<!-- 		<appender-ref ref="EMAIL" /> -->
<!-- 	</logger>	 -->
<!-- 	<logger name="org.hibernate" level="ERROR" aditivity="false"> -->
<!-- 		<appender-ref ref="FILE" /> -->
<!-- 		<appender-ref ref="EMAIL" /> -->
<!-- 	</logger> -->
<!-- 	<logger name="org.springframework.security" level="ERROR" aditivity="false"> -->
<!-- 		<appender-ref ref="FILE" /> -->
<!-- 		<appender-ref ref="EMAIL" /> -->
<!-- 	</logger> -->
<!-- 	<logger name="org.springframework" level="ERROR" aditivity="false"> -->
<!-- 		<appender-ref ref="FILE" /> -->
<!-- 		<appender-ref ref="EMAIL" /> -->
<!-- 	</logger>	 -->
<!-- 	<root level="INFO"> -->
<!-- 		<appender-ref ref="STDOUT" /> -->
<!-- 		<appender-ref ref="EMAIL" /> -->
<!-- 		<appender-ref ref="FILE" /> -->

<!-- 	</root> -->
</configuration>
