<?xml version="1.0" encoding="UTF-8"?>
<beans xmlns="http://www.springframework.org/schema/beans"
	xmlns:xsi="http://www.w3.org/2001/XMLSchema-instance"
	xmlns:context="http://www.springframework.org/schema/context"
	xmlns:tx="http://www.springframework.org/schema/tx"
	xmlns:aop="http://www.springframework.org/schema/aop"
	xmlns:sec="http://www.springframework.org/schema/security"
	xmlns:util="http://www.springframework.org/schema/util"
	xsi:schemaLocation="http://www.springframework.org/schema/aop http://www.springframework.org/schema/aop/spring-aop-3.0.xsd
		http://www.springframework.org/schema/security http://www.springframework.org/schema/security/spring-security-3.0.xsd
		http://www.springframework.org/schema/beans http://www.springframework.org/schema/beans/spring-beans-3.0.xsd
		http://www.springframework.org/schema/util http://www.springframework.org/schema/util/spring-util-3.0.xsd
		http://www.springframework.org/schema/tx http://www.springframework.org/schema/tx/spring-tx-3.0.xsd
		http://www.springframework.org/schema/context http://www.springframework.org/schema/context/spring-context-3.0.xsd">
	<context:annotation-config/>
	<context:property-placeholder location="classpath*:config.properties"/>
	<util:properties id="config" location="classpath:config.properties"/>
	<context:component-scan base-package="de.tib.hannover.lza.submission">
<!-- 		<context:exclude-filter type="regex" expression="de.tib.hannover.lza.submission.content.*"/> -->
	</context:component-scan>	
	
    <!-- Wicket WebApplication setup -->
	<bean id="configurationData" class="de.tib.hannover.lza.submission.model.ConfigurationData">
		<property name="quietMode" value="${quietMode}"/>
		<property name="checkedStatusFile" value="${checkedStatusFile}"/>
		<property name="producerAgent" value="${producerAgent}"/>
		<property name="adapterUrl" value="${adapterUrl}"/>
		<property name="fileName4sip" value="${fileName4sip}"/>
		<property name="uploadFolder" value="${uploadFolder}"/>
		<property name="ingestFolder" value="${ingestFolder}"/>
		<property name="deploymentSystem" value="${deployment.system}"/>
		<property name="depositWsdlUrl" value="${depositWsdlUrl}"/>
		<property name="pdsUrl" value="${pdsUrl}"/>
		<property name="producerWsdlUrl" value="${producerWsdlUrl}"/>
		<property name="sipStatusWsdlUrl" value="${sipStatusWsdlUrl}"/>
		<property name="appVersion" value="${app.version}"/>
	</bean>    
    <bean id="messageFactory" class="org.springframework.ws.soap.saaj.SaajSoapMessageFactory">
		<property name="soapVersion">
			<util:constant static-field="org.springframework.ws.soap.SoapVersion.SOAP_11" />
		</property>
	</bean>
	<bean id="pwsMarshaller" class="org.springframework.oxm.jaxb.Jaxb2Marshaller">
		<property name="contextPaths" value="de.tib.hannover.lza.submission.pws" />
	</bean>
	<bean id="dpwsMarshaller" class="org.springframework.oxm.jaxb.Jaxb2Marshaller">
		<property name="contextPaths" value="de.tib.hannover.lza.submission.dpws" />
	</bean>
	<bean id="sipwsMarshaller" class="org.springframework.oxm.jaxb.Jaxb2Marshaller">
		<property name="contextPaths" value="de.tib.hannover.lza.submission.sipws" />
	</bean>
	<bean abstract="true" id="parentWebService" class="org.springframework.ws.client.core.WebServiceTemplate">
		<constructor-arg ref="messageFactory" />		
		<property name="messageSender" ref="messageSender"/>
	</bean>
	<bean id="pwsServiceTemplate" parent="parentWebService">
		<property name="marshaller" ref="pwsMarshaller"></property>
		<property name="unmarshaller" ref="pwsMarshaller"></property>		
		<property name="defaultUri" value="${producerWsdlUrl}" />
	</bean>
	<bean id="dpwsServiceTemplate" parent="parentWebService">
		<property name="marshaller" ref="dpwsMarshaller"></property>
		<property name="unmarshaller" ref="dpwsMarshaller"></property>	
		<property name="defaultUri" value="${depositWsdlUrl}" />
	</bean>
	<bean id="sipwsServiceTemplate" parent="parentWebService">
		<property name="marshaller" ref="sipwsMarshaller"></property>
		<property name="unmarshaller" ref="sipwsMarshaller"></property>	
		<property name="defaultUri" value="${sipStatusWsdlUrl}" />
	</bean>
	<bean id="messageSender" class="org.springframework.ws.transport.http.CommonsHttpMessageSender">
         <property name="acceptGzipEncoding" value="false"/>
     </bean> 
</beans>