<?xml version="1.0" encoding="UTF-8"?>
<beans xmlns="http://www.springframework.org/schema/beans"
	xmlns:sec="http://www.springframework.org/schema/security"
	xmlns:xsi="http://www.w3.org/2001/XMLSchema-instance"
	xmlns:context="http://www.springframework.org/schema/context"
	xsi:schemaLocation="http://www.springframework.org/schema/security http://www.springframework.org/schema/security/spring-security-3.2.xsd
		http://www.springframework.org/schema/beans http://www.springframework.org/schema/beans/spring-beans-4.1.xsd
		http://www.springframework.org/schema/context http://www.springframework.org/schema/context/spring-context-4.1.xsd">
	<context:annotation-config />
	<!-- Automatically receives AuthenticationEvent messages -->
	<bean id="authenticationProcessingFilter" class="org.springframework.security.web.authentication.UsernamePasswordAuthenticationFilter">
		<property name="authenticationManager" ref="am" />
		<property name="allowSessionCreation" value="true" />
	</bean>
	<bean id="springSecurityFilterChain" class="org.springframework.security.web.FilterChainProxy">
		<sec:filter-chain-map path-type="ant">
			<sec:filter-chain pattern="/**" filters="securityContextPersistenceFilter" />
		</sec:filter-chain-map>
	</bean>
	<bean id="securityContextPersistenceFilter" class="org.springframework.security.web.context.SecurityContextPersistenceFilter"/>
	<sec:authentication-manager alias="am">
		<sec:authentication-provider>
			<sec:user-service id="userDetailsService" properties="WEB-INF/classes/users.properties"/>
		</sec:authentication-provider>
	</sec:authentication-manager>
</beans>